Model,Best RMSE
XGBoost,38.24875495021894
MLP,53.00615748667161
